<?xml version="1.0" encoding="utf-8"?>
<plan>
  <id>5</id>
  <lang></lang>
  <title>quảng cao trái dong 2</title>
  <form>sequential</form>
  <width>230</width>
  <height>150</height>
  <banners>
    <banners_item>
      <id>7</id>
      <title>quảng cáo bánh kem</title>
      <clid>0</clid>
      <file_name>banner4.png</file_name>
      <imageforswf></imageforswf>
      <file_ext>png</file_ext>
      <file_mime>image/png</file_mime>
      <file_width>270</file_width>
      <file_height>147</file_height>
      <file_alt></file_alt>
      <file_click>http://demo.magentech.com/themes/sm_bakery/#</file_click>
      <target>_blank</target>
      <publ_time>1460345819</publ_time>
      <exp_time>0</exp_time>
    </banners_item>
  </banners>
</plan>
