<?xml version="1.0" encoding="UTF-8"?>
<diagnostic><item><date>Fri, 01 Apr 2016 00:39:29 GMT</date><PageRank>3</PageRank><AlexaReach>2320018</AlexaReach><AlexaBackLink>0</AlexaBackLink><AlexaRank>2424979</AlexaRank><GoogleBackLink>0</GoogleBackLink><GoogleIndexed>434</GoogleIndexed><BingBackLink>0</BingBackLink><BingIndexed>0</BingIndexed></item><item><date>Sat, 02 Apr 2016 04:38:05 GMT</date><PageRank>3</PageRank><AlexaReach>2320350</AlexaReach><AlexaBackLink>0</AlexaBackLink><AlexaRank>2425523</AlexaRank><GoogleBackLink>0</GoogleBackLink><GoogleIndexed>435</GoogleIndexed><BingBackLink>0</BingBackLink><BingIndexed>0</BingIndexed></item><item><date>Sun, 03 Apr 2016 15:28:56 GMT</date><PageRank>3</PageRank><AlexaReach>2424674</AlexaReach><AlexaBackLink>0</AlexaBackLink><AlexaRank>2556946</AlexaRank><GoogleBackLink>0</GoogleBackLink><GoogleIndexed>437</GoogleIndexed><BingBackLink>0</BingBackLink><BingIndexed>0</BingIndexed></item><item><date>Wed, 06 Apr 2016 06:32:46 GMT</date><PageRank>3</PageRank><AlexaReach>2383052</AlexaReach><AlexaBackLink>0</AlexaBackLink><AlexaRank>2520590</AlexaRank><GoogleBackLink>0</GoogleBackLink><GoogleIndexed>437</GoogleIndexed><BingBackLink>0</BingBackLink><BingIndexed>0</BingIndexed></item><item><date>Fri, 08 Apr 2016 06:58:29 GMT</date><PageRank>3</PageRank><AlexaReach>2377130</AlexaReach><AlexaBackLink>0</AlexaBackLink><AlexaRank>2514259</AlexaRank><GoogleBackLink>0</GoogleBackLink><GoogleIndexed>436</GoogleIndexed><BingBackLink>0</BingBackLink><BingIndexed>0</BingIndexed></item><item><date>Sat, 09 Apr 2016 16:06:00 GMT</date><PageRank>3</PageRank><AlexaReach>2341804</AlexaReach><AlexaBackLink>0</AlexaBackLink><AlexaRank>2483073</AlexaRank><GoogleBackLink>0</GoogleBackLink><GoogleIndexed>435</GoogleIndexed><BingBackLink>0</BingBackLink><BingIndexed>0</BingIndexed></item><item><date>Sun, 10 Apr 2016 16:07:01 GMT</date><PageRank>3</PageRank><AlexaReach>2339794</AlexaReach><AlexaBackLink>0</AlexaBackLink><AlexaRank>2481376</AlexaRank><GoogleBackLink>0</GoogleBackLink><GoogleIndexed>433</GoogleIndexed><BingBackLink>0</BingBackLink><BingIndexed>0</BingIndexed></item><item><date>Tue, 12 Apr 2016 09:15:32 GMT</date><PageRank>3</PageRank><AlexaReach>2339134</AlexaReach><AlexaBackLink>0</AlexaBackLink><AlexaRank>2480396</AlexaRank><GoogleBackLink>0</GoogleBackLink><GoogleIndexed>435</GoogleIndexed><BingBackLink>0</BingBackLink><BingIndexed>0</BingIndexed></item><item><date>Wed, 13 Apr 2016 09:17:53 GMT</date><PageRank>3</PageRank><AlexaReach>2298609</AlexaReach><AlexaBackLink>0</AlexaBackLink><AlexaRank>2444134</AlexaRank><GoogleBackLink>0</GoogleBackLink><GoogleIndexed>435</GoogleIndexed><BingBackLink>0</BingBackLink><BingIndexed>0</BingIndexed></item><item><date>Fri, 15 Apr 2016 06:54:02 GMT</date><PageRank>0</PageRank><AlexaReach>2295242</AlexaReach><AlexaBackLink>0</AlexaBackLink><AlexaRank>2441109</AlexaRank><GoogleBackLink>0</GoogleBackLink><GoogleIndexed>435</GoogleIndexed><BingBackLink>0</BingBackLink><BingIndexed>0</BingIndexed></item><item><date>Wed, 20 Apr 2016 02:30:21 GMT</date><PageRank>0</PageRank><AlexaReach>2257365</AlexaReach><AlexaBackLink>0</AlexaBackLink><AlexaRank>2401119</AlexaRank><GoogleBackLink>0</GoogleBackLink><GoogleIndexed>434</GoogleIndexed><BingBackLink>0</BingBackLink><BingIndexed>0</BingIndexed></item><item><date>Fri, 22 Apr 2016 06:29:16 GMT</date><PageRank>0</PageRank><AlexaReach>2224557</AlexaReach><AlexaBackLink>0</AlexaBackLink><AlexaRank>2372014</AlexaRank><GoogleBackLink>0</GoogleBackLink><GoogleIndexed>436</GoogleIndexed><BingBackLink>0</BingBackLink><BingIndexed>0</BingIndexed></item><item><date>Tue, 26 Apr 2016 07:36:52 GMT</date><PageRank>0</PageRank><AlexaReach>2267640</AlexaReach><AlexaBackLink>0</AlexaBackLink><AlexaRank>2429453</AlexaRank><GoogleBackLink>0</GoogleBackLink><GoogleIndexed>434</GoogleIndexed><BingBackLink>0</BingBackLink><BingIndexed>0</BingIndexed></item></diagnostic>
